{
  "crops": [
    {
      "id": 1683704689692,
      "x": 200.26666666666668,
      "y": 56.199999999999996,
      "width": 599.4666666666667,
      "height": 449.6
    }
  ]
}